{
	"credit": "Made with Blockbench",
	"textures": {
		"spyglass": "item/spyglass_model"
	},
	"elements": [
		{
			"from": [4.7, 6.05, 6.9],
			"to": [6.9, 11.55, 9.1],
			"rotation": {"angle": 0, "axis": "y", "origin": [-0.8, 0, -0.8]},
			"faces": {
				"north": {"uv": [0, 2, 2, 7], "texture": "#spyglass"},
				"east": {"uv": [0, 2, 2, 7], "texture": "#spyglass"},
				"south": {"uv": [0, 2, 2, 7], "texture": "#spyglass"},
				"west": {"uv": [0, 2, 2, 7], "texture": "#spyglass"},
				"up": {"uv": [0, 0, 2, 2], "texture": "#spyglass"}
			}
		},
		{
			"from": [6.9, 4.95, 6.9],
			"to": [9.1, 8.25, 9.1],
			"rotation": {"angle": 0, "axis": "y", "origin": [-0.8, 0, -0.8]},
			"faces": {
				"north": {"uv": [0, 2, 2, 5], "texture": "#spyglass"},
				"east": {"uv": [0, 2, 2, 5], "texture": "#spyglass"},
				"south": {"uv": [0, 2, 2, 5], "texture": "#spyglass"},
				"west": {"uv": [0, 2, 2, 5], "texture": "#spyglass"},
				"up": {"uv": [0, 0, 2, 2], "texture": "#spyglass"},
				"down": {"uv": [0, 8, 2, 10], "texture": "#spyglass"}
			}
		},
		{
			"from": [9.1, 6.05, 6.9],
			"to": [11.3, 11.55, 9.1],
			"rotation": {"angle": 0, "axis": "y", "origin": [-0.8, 0, -0.8]},
			"faces": {
				"north": {"uv": [0, 2, 2, 7], "texture": "#spyglass"},
				"east": {"uv": [0, 2, 2, 7], "texture": "#spyglass"},
				"south": {"uv": [0, 2, 2, 7], "texture": "#spyglass"},
				"west": {"uv": [0, 2, 2, 7], "texture": "#spyglass"},
				"up": {"uv": [0, 0, 2, 2], "texture": "#spyglass"}
			}
		},
		{
			"from": [4.37, 2.42, 6.57],
			"to": [7.23, 7.48, 9.43],
			"rotation": {"angle": 0, "axis": "y", "origin": [-0.8, 0, -0.8]},
			"faces": {
				"north": {"uv": [0, 9, 2, 13], "texture": "#spyglass"},
				"east": {"uv": [0, 9, 2, 13], "texture": "#spyglass"},
				"south": {"uv": [0, 9, 2, 13], "texture": "#spyglass"},
				"west": {"uv": [0, 9, 2, 13], "texture": "#spyglass"},
				"up": {"uv": [0, 5, 2, 7], "texture": "#spyglass"},
				"down": {"uv": [0, 13, 2, 15], "texture": "#spyglass"}
			}
		},
		{
			"from": [8.77, 2.42, 6.57],
			"to": [11.63, 7.48, 9.43],
			"rotation": {"angle": 0, "axis": "y", "origin": [-0.8, 0, -0.8]},
			"faces": {
				"north": {"uv": [0, 9, 2, 13], "texture": "#spyglass"},
				"east": {"uv": [0, 9, 2, 13], "texture": "#spyglass"},
				"south": {"uv": [0, 9, 2, 13], "texture": "#spyglass"},
				"west": {"uv": [0, 9, 2, 13], "texture": "#spyglass"},
				"up": {"uv": [0, 5, 2, 7], "texture": "#spyglass"},
				"down": {"uv": [0, 13, 2, 15], "texture": "#spyglass"}
			}
		}
	],
	"gui_light": "front",
	"display": {
		"thirdperson_righthand": {
			"translation": [1.75, -2, -0.75]
		},
		"thirdperson_lefthand": {
			"translation": [1.75, -2, -0.75]
		},
		"ground": {
			"rotation": [90, 0, 0]
		},
		"gui": {
			"rotation": [-67.5, 0, 45],
			"scale": [1.5, 1.5, 1.5]
		},
		"head": {
			"rotation": [90, 0, 0],
			"translation": [-2.5, 0, -12.25],
			"scale": [1.6, 1.6, 1.6]
		},
		"fixed": {
			"translation": [0, 0, -1.5],
			"scale": [1.5, 1.5, 1.5]
		}
	}
}